{
  "bass-0-0": {
    "left": 8.504272967766413,
    "top": 15.092592831665268
  },
  "bass-0-1": {
    "left": 8.65384610055074,
    "top": 24.293981741403528
  },
  "bass-0-2": {
    "left": 8.219526001908024,
    "top": 33.95833480946813
  },
  "bass-0-3": {
    "left": 8.595084930025351,
    "top": 43.287037342827674
  },
  "bass-0-4": {
    "left": 8.044871357849459,
    "top": 54.00462859828122
  },
  "bass-0-5": {
    "left": 8.493589370521894,
    "top": 62.73147945214363
  },
  "bass-0-6": {
    "left": 8.376068415151671,
    "top": 71.79398234186512
  },
  "bass-0-7": {
    "left": 9.054486539942289,
    "top": 81.16898346773064
  },
  "bass-1-0": {
    "left": 15.032051346005762,
    "top": 19.062500487875067
  },
  "bass-1-1": {
    "left": 15.251067860879452,
    "top": 29.247686451436408
  },
  "bass-1-2": {
    "left": 15.005341660054198,
    "top": 39.097223381446724
  },
  "bass-1-3": {
    "left": 15.074785734983818,
    "top": 48.11342767866225
  },
  "bass-1-4": {
    "left": 15.491452955922721,
    "top": 56.97916530311843
  },
  "bass-1-5": {
    "left": 14.877136414599171,
    "top": 67.8240724339243
  },
  "bass-1-6": {
    "left": 14.88782001184368,
    "top": 76.41203651719294
  },
  "treble-0-0": {
    "left": 77.30234707684586,
    "top": 14.027778494995815
  },
  "treble-0-1": {
    "left": 77.74305592507044,
    "top": 21.445408692997507
  },
  "treble-0-2": {
    "left": 78.09428455399609,
    "top": 28.799199244930605
  },
  "treble-0-3": {
    "left": 77.43189140936802,
    "top": 36.24069780342351
  },
  "treble-0-4": {
    "left": 77.84722259173711,
    "top": 44.097058130744465
  },
  "treble-0-5": {
    "left": 78.0422012206627,
    "top": 51.844367203976
  },
  "treble-0-6": {
    "left": 77.95138925840378,
    "top": 59.503968270647746
  },
  "treble-0-7": {
    "left": 78.04220122066269,
    "top": 67.57843110614753
  },
  "treble-0-8": {
    "left": 78.18509651625497,
    "top": 75.32574017937907
  },
  "treble-0-9": {
    "left": 78.27590847851391,
    "top": 82.87628999196137
  },
  "treble-1-0": {
    "left": 82.90464772369268,
    "top": 10.424226980642034
  },
  "treble-1-1": {
    "left": 83.1517096859516,
    "top": 18.062484799784144
  },
  "treble-1-2": {
    "left": 83.48958361046944,
    "top": 25.503983358277043
  },
  "treble-1-3": {
    "left": 83.45085498154388,
    "top": 33.03318992332973
  },
  "treble-1-4": {
    "left": 83.63247890606175,
    "top": 40.80184224409089
  },
  "treble-1-5": {
    "left": 83.59375027713617,
    "top": 48.549151317322426
  },
  "treble-1-6": {
    "left": 83.73664557272843,
    "top": 56.099701129904744
  },
  "treble-1-7": {
    "left": 83.68456223939509,
    "top": 63.9560614572257
  },
  "treble-1-8": {
    "left": 83.6845622393951,
    "top": 71.61566252389743
  },
  "treble-1-9": {
    "left": 83.6845622393951,
    "top": 79.58107410530779
  },
  "treble-1-10": {
    "left": 83.69791694380285,
    "top": 87.43743443262875
  },
  "treble-2-0": {
    "left": 88.29994678016615,
    "top": 7.32577035463768
  },
  "treble-2-1": {
    "left": 88.62446600027627,
    "top": 14.658217659041155
  },
  "treble-2-2": {
    "left": 88.74198737135067,
    "top": 22.09971621753405
  },
  "treble-2-3": {
    "left": 88.97569462920188,
    "top": 29.650266030116356
  },
  "treble-2-4": {
    "left": 89.17067325812747,
    "top": 37.3975751033479
  },
  "treble-2-5": {
    "left": 89.07986129586855,
    "top": 44.94812491593022
  },
  "treble-2-6": {
    "left": 89.22275659146082,
    "top": 52.804485243251165
  },
  "treble-2-7": {
    "left": 89.36565188705309,
    "top": 60.24598380174407
  },
  "treble-2-8": {
    "left": 89.46981855371975,
    "top": 68.21139538315444
  },
  "treble-2-9": {
    "left": 89.41773522038645,
    "top": 75.76194519573676
  },
  "treble-2-10": {
    "left": 89.52190188705309,
    "top": 83.6183055230577
  },
  "treble-2-11": {
    "left": 89.56063051597869,
    "top": 91.36561459628922
  },
  "treble-3-0": {
    "left": 94.35897197134014,
    "top": 3.8425925314344656
  },
  "treble-3-1": {
    "left": 94.56597231460091,
    "top": 11.472053026476997
  },
  "treble-3-2": {
    "left": 94.76095094352658,
    "top": 18.913551584969888
  },
  "treble-3-3": {
    "left": 94.9038462391188,
    "top": 26.245998889373375
  },
  "treble-3-4": {
    "left": 95.15090820137773,
    "top": 33.88425670851549
  },
  "treble-3-5": {
    "left": 95.34588683030337,
    "top": 41.65290902927665
  },
  "treble-3-6": {
    "left": 95.30715820137776,
    "top": 49.09440758776954
  },
  "treble-3-7": {
    "left": 95.50213683030346,
    "top": 56.84171666100108
  },
  "treble-3-8": {
    "left": 95.68376075482128,
    "top": 64.69807698832203
  },
  "treble-3-9": {
    "left": 95.54086545922897,
    "top": 72.24862680090433
  },
  "treble-3-10": {
    "left": 95.69711545922905,
    "top": 79.99593587413587
  },
  "treble-3-11": {
    "left": 95.60630349697003,
    "top": 88.07039870963565
  },
  "treble-3-12": {
    "left": 95.60630349697003,
    "top": 95.81770778286719
  }
}