{
  "bass-0-0": {
    "left": 12.42,
    "top": 23.59
  },
  "bass-0-1": {
    "left": 12.51,
    "top": 30.31
  },
  "bass-0-2": {
    "left": 12.163194444444445,
    "top": 37.13851851851852
  },
  "bass-0-3": {
    "left": 12.25,
    "top": 43.62
  },
  "bass-0-4": {
    "left": 12.07,
    "top": 51.37
  },
  "bass-0-5": {
    "left": 12.25,
    "top": 57.62
  },
  "bass-0-6": {
    "left": 12.33,
    "top": 63.99
  },
  "bass-0-7": {
    "left": 12.676805555555555,
    "top": 70.69851851851851
  },
  "bass-1-0": {
    "left": 16.583194444444445,
    "top": 26.36574074074074
  },
  "bass-1-1": {
    "left": 16.586805555555557,
    "top": 33.66
  },
  "bass-1-2": {
    "left": 16.59,
    "top": 40.72
  },
  "bass-1-3": {
    "left": 16.59,
    "top": 46.97574074074074
  },
  "bass-1-4": {
    "left": 16.85,
    "top": 53.45
  },
  "bass-1-5": {
    "left": 16.413194444444443,
    "top": 61.09425925925926
  },
  "bass-1-6": {
    "left": 16.323194444444443,
    "top": 66.99574074074074
  },
  "treble-0-0": {
    "left": 78.82361111111112,
    "top": 25.332962962962963
  },
  "treble-0-1": {
    "left": 79,
    "top": 30.537222222222223
  },
  "treble-0-2": {
    "left": 79.17319444444445,
    "top": 36.09722222222222
  },
  "treble-0-3": {
    "left": 78.91319444444444,
    "top": 41.297222222222224
  },
  "treble-0-4": {
    "left": 79.07986111111111,
    "top": 46.99074074074074
  },
  "treble-0-5": {
    "left": 79.17,
    "top": 52.41
  },
  "treble-0-6": {
    "left": 79.16666666666666,
    "top": 57.98611111111111
  },
  "treble-0-7": {
    "left": 79.17361111111111,
    "top": 63.64148148148148
  },
  "treble-0-8": {
    "left": 79.26,
    "top": 69.07574074074074
  },
  "treble-0-9": {
    "left": 79.17722222222223,
    "top": 74.63296296296299
  },
  "treble-1-0": {
    "left": 81.68402777777779,
    "top": 22.916666666666664
  },
  "treble-1-1": {
    "left": 81.87,
    "top": 28.22
  },
  "treble-1-2": {
    "left": 82.04,
    "top": 33.42574074074074
  },
  "treble-1-3": {
    "left": 82.04,
    "top": 38.87
  },
  "treble-1-4": {
    "left": 82.04,
    "top": 44.66148148148148
  },
  "treble-1-5": {
    "left": 82.03680555555556,
    "top": 50.09722222222222
  },
  "treble-1-6": {
    "left": 82.04319444444444,
    "top": 55.54148148148148
  },
  "treble-1-7": {
    "left": 82.04,
    "top": 61.09148148148148
  },
  "treble-1-8": {
    "left": 82.04,
    "top": 66.53722222222224
  },
  "treble-1-9": {
    "left": 82.04319444444444,
    "top": 72.31574074074075
  },
  "treble-1-10": {
    "left": 82.12680555555556,
    "top": 77.76296296296299
  },
  "treble-2-0": {
    "left": 84.47361111111111,
    "top": 20.581481481481482
  },
  "treble-2-1": {
    "left": 84.55361111111111,
    "top": 26.02574074074074
  },
  "treble-2-2": {
    "left": 84.64680555555556,
    "top": 31.23574074074074
  },
  "treble-2-3": {
    "left": 84.81680555555556,
    "top": 36.67
  },
  "treble-2-4": {
    "left": 84.82,
    "top": 42.11
  },
  "treble-2-5": {
    "left": 84.90680555555555,
    "top": 47.67148148148148
  },
  "treble-2-6": {
    "left": 84.80902777777779,
    "top": 53.12500000000001
  },
  "treble-2-7": {
    "left": 84.99,
    "top": 58.43
  },
  "treble-2-8": {
    "left": 84.98680555555556,
    "top": 64.10574074074074
  },
  "treble-2-9": {
    "left": 84.99361111111111,
    "top": 69.53722222222224
  },
  "treble-2-10": {
    "left": 84.99,
    "top": 75.1
  },
  "treble-2-11": {
    "left": 84.99361111111111,
    "top": 80.77
  },
  "treble-3-0": {
    "left": 87.68,
    "top": 18.15722222222222
  },
  "treble-3-1": {
    "left": 87.68,
    "top": 23.36
  },
  "treble-3-2": {
    "left": 87.68,
    "top": 28.92
  },
  "treble-3-3": {
    "left": 87.77,
    "top": 34.36
  },
  "treble-3-4": {
    "left": 87.94361111111111,
    "top": 39.56574074074074
  },
  "treble-3-5": {
    "left": 87.94,
    "top": 45.23148148148148
  },
  "treble-3-6": {
    "left": 88.03,
    "top": 50.55722222222222
  },
  "treble-3-7": {
    "left": 88.20319444444445,
    "top": 55.99574074074074
  },
  "treble-3-8": {
    "left": 88.2,
    "top": 61.67425925925926
  },
  "treble-3-9": {
    "left": 88.2,
    "top": 66.99296296296299
  },
  "treble-3-10": {
    "left": 88.28124999999999,
    "top": 72.5694444444445
  },
  "treble-3-11": {
    "left": 88.10763888888889,
    "top": 78.35648148148148
  },
  "treble-3-12": {
    "left": 88.10763888888889,
    "top": 83.77700558415162
  }
}