{
  "bass-0-0": {
    "left": 7.968749999999999,
    "top": 20.828789531079607
  },
  "bass-0-1": {
    "left": 8.030833333333291,
    "top": 27.91087241003271
  },
  "bass-0-2": {
    "left": 7.656249999999997,
    "top": 35.00545256270448
  },
  "bass-0-3": {
    "left": 7.916666666666666,
    "top": 42.093784078516904
  },
  "bass-0-4": {
    "left": 7.812499999999999,
    "top": 50.05452562704471
  },
  "bass-0-5": {
    "left": 7.968749999999999,
    "top": 56.706652126499456
  },
  "bass-0-6": {
    "left": 8.072916666666664,
    "top": 63.467829880043624
  },
  "bass-0-7": {
    "left": 8.4375,
    "top": 70.44711014176663
  },
  "bass-1-0": {
    "left": 12.968750000000002,
    "top": 23.882224645583424
  },
  "bass-1-1": {
    "left": 12.916666666666668,
    "top": 31.406761177753545
  },
  "bass-1-2": {
    "left": 13.177083333333334,
    "top": 38.93129770992366
  },
  "bass-1-3": {
    "left": 12.96875,
    "top": 45.69247546346783
  },
  "bass-1-4": {
    "left": 13.229166666666666,
    "top": 52.23555070883316
  },
  "bass-1-5": {
    "left": 12.708333333333336,
    "top": 60.414394765539804
  },
  "bass-1-6": {
    "left": 12.760416666666666,
    "top": 66.8484187568157
  },
  "treble-0-0": {
    "left": 86.97916666666667,
    "top": 22.573609596510362
  },
  "treble-0-1": {
    "left": 87.18750000000001,
    "top": 28.135223555070883
  },
  "treble-0-2": {
    "left": 87.44791666666673,
    "top": 33.914940021810246
  },
  "treble-0-3": {
    "left": 87.23958333333334,
    "top": 39.585605234460196
  },
  "treble-0-4": {
    "left": 87.29166666666669,
    "top": 45.474372955288985
  },
  "treble-0-5": {
    "left": 87.39583333333334,
    "top": 51.25408942202835
  },
  "treble-0-6": {
    "left": 87.39583333333334,
    "top": 57.14285714285714
  },
  "treble-0-7": {
    "left": 87.39583333333333,
    "top": 63.24972737186477
  },
  "treble-0-8": {
    "left": 87.44791666666667,
    "top": 69.02944383860415
  },
  "treble-0-9": {
    "left": 87.44791666666667,
    "top": 74.80916030534351
  },
  "treble-1-0": {
    "left": 90.26041666666667,
    "top": 20.065430752453654
  },
  "treble-1-1": {
    "left": 90.41666666666667,
    "top": 25.7360959651036
  },
  "treble-1-2": {
    "left": 90.57291666666666,
    "top": 31.40676117775355
  },
  "treble-1-3": {
    "left": 90.625,
    "top": 36.968375136314066
  },
  "treble-1-4": {
    "left": 90.62499999999999,
    "top": 42.96619411123228
  },
  "treble-1-5": {
    "left": 90.67708333333334,
    "top": 48.74591057797164
  },
  "treble-1-6": {
    "left": 90.72916666666667,
    "top": 54.52562704471101
  },
  "treble-1-7": {
    "left": 90.67708333333333,
    "top": 60.414394765539804
  },
  "treble-1-8": {
    "left": 90.67708333333336,
    "top": 66.30316248636859
  },
  "treble-1-9": {
    "left": 90.67708333333334,
    "top": 72.3009814612868
  },
  "treble-1-10": {
    "left": 90.78125000000003,
    "top": 78.18974918211559
  },
  "treble-2-0": {
    "left": 93.38541666666669,
    "top": 17.557251908396946
  },
  "treble-2-1": {
    "left": 93.4375,
    "top": 23.118865866957474
  },
  "treble-2-2": {
    "left": 93.64583333333334,
    "top": 28.789531079607418
  },
  "treble-2-3": {
    "left": 93.69791666666667,
    "top": 34.56924754634678
  },
  "treble-2-4": {
    "left": 93.80208333333333,
    "top": 40.34896401308615
  },
  "treble-2-5": {
    "left": 93.80208333333334,
    "top": 46.12868047982552
  },
  "treble-2-6": {
    "left": 93.85416666666667,
    "top": 52.0174482006543
  },
  "treble-2-7": {
    "left": 93.90625,
    "top": 57.68811341330426
  },
  "treble-2-8": {
    "left": 94.01041666666666,
    "top": 63.68593238822247
  },
  "treble-2-9": {
    "left": 93.95833333333336,
    "top": 69.46564885496184
  },
  "treble-2-10": {
    "left": 94.0625,
    "top": 75.35441657579062
  },
  "treble-2-11": {
    "left": 94.01041666666666,
    "top": 81.13413304252998
  },
  "treble-3-0": {
    "left": 96.77083333333333,
    "top": 15.04907306434024
  },
  "treble-3-1": {
    "left": 96.92708333333334,
    "top": 20.719738276990185
  },
  "treble-3-2": {
    "left": 97.03125000000003,
    "top": 26.39040348964013
  },
  "treble-3-3": {
    "left": 97.08333333333333,
    "top": 31.952017448200657
  },
  "treble-3-4": {
    "left": 97.23958333333331,
    "top": 37.6226826608506
  },
  "treble-3-5": {
    "left": 97.34375000000001,
    "top": 43.62050163576881
  },
  "treble-3-6": {
    "left": 97.39583333333334,
    "top": 49.291166848418754
  },
  "treble-3-7": {
    "left": 97.5000000000001,
    "top": 55.07088331515813
  },
  "treble-3-8": {
    "left": 97.50000000000004,
    "top": 60.95965103598691
  },
  "treble-3-9": {
    "left": 97.44791666666667,
    "top": 66.73936750272628
  },
  "treble-3-10": {
    "left": 97.60416666666676,
    "top": 72.51908396946565
  },
  "treble-3-11": {
    "left": 97.60416666666667,
    "top": 78.62595419847328
  },
  "treble-3-12": {
    "left": 97.60416666666667,
    "top": 84.40567066521265
  }
}